record_id,pdf_entry_id,pid,record_type,theme,subtheme,record_text,record_short,source_status,context,ref_id
R001,001,P01,Travel style / tour resistance,,,"“Tôi ít khi chọn đi tour vì cảm giác tour thường tiết kiệm, đi chung đông người và hạn chế sở thích cá nhân. Với người có thu nhập cao, họ thường muốn sự riêng tư và tự do hơn.”","“Tôi ít khi chọn đi tour vì cảm giác tour thường tiết kiệm, đi chung đông người và hạn chế sở thích cá nhân. Với người có thu nhập cao, họ thường muốn sự riêng tư và tự do hơn.”","participant quote, edited for clarity","High-income / family-oriented / spiritual-cultural experience; frequent work travel, limited personal leisure travel.",F_P01_2026Q2_r001
R002,002,P01,Premium value expectation,,,"“Nếu đi du lịch với gia đình, tôi sẵn sàng chi nhiều, nhưng đổi lại phải là dịch vụ tốt, chỗ ở tốt và trải nghiệm tương xứng với số tiền bỏ ra.”","“Nếu đi du lịch với gia đình, tôi sẵn sàng chi nhiều, nhưng đổi lại phải là dịch vụ tốt, chỗ ở tốt và trải nghiệm tương xứng với số tiền bỏ ra.”","participant quote, edited for clarity","High-income / family-oriented / spiritual-cultural experience; frequent work travel, limited personal leisure travel.",F_P01_2026Q2_r002
R003,003,P01,Purpose-driven travel,,,"“Một chuyến đi cần có mục tiêu rõ ràng. Ví dụ ở Bồ Đề Đạo Tràng, mục tiêu của tôi là được thiền dưới gốc bồ đề. Nếu chuyến đi không có mục tiêu, tôi sẽ không thấy trọn vẹn.”","“Một chuyến đi cần có mục tiêu rõ ràng. Ví dụ ở Bồ Đề Đạo Tràng, mục tiêu của tôi là được thiền dưới gốc bồ đề. Nếu chuyến đi không có mục tiêu, tôi sẽ không thấy trọn vẹn.”","participant quote, edited for clarity","High-income / family-oriented / spiritual-cultural experience; frequent work travel, limited personal leisure travel.",F_P01_2026Q2_r003
R004,004,P01,Human-centred experience,,,"“Trong du lịch, yếu tố con người phải là trung tâm. Nếu thiếu con người, chuyến đi mất đi cái cốt và không còn cái hồn nữa.”","“Trong du lịch, yếu tố con người phải là trung tâm. Nếu thiếu con người, chuyến đi mất đi cái cốt và không còn cái hồn nữa.”","participant quote, edited for clarity","High-income / family-oriented / spiritual-cultural experience; frequent work travel, limited personal leisure travel.",F_P01_2026Q2_r004
R005,005,P01,Authenticity vs performance,,,“Những trải nghiệm văn hoá được tái hiện lại cho khách xem dễ mất hồn cốt. Nó không thú vị bằng việc mình thật sự gặp con người đang sống trong văn hoá đó.”,“Những trải nghiệm văn hoá được tái hiện lại cho khách xem dễ mất hồn cốt. Nó không thú vị bằng việc mình thật sự gặp con người đang sống trong văn hoá đó.”,"participant quote, edited for clarity","High-income / family-oriented / spiritual-cultural experience; frequent work travel, limited personal leisure travel.",F_P01_2026Q2_r005
R006,006,P01,Concept reaction / niche audience,,,“Concept này rất kén khách và có phần hàn lâm. Khách du lịch thông thường có thể sẽ khó hiểu hoặc khó tiêu hoá hết nội dung.”,“Concept này rất kén khách và có phần hàn lâm. Khách du lịch thông thường có thể sẽ khó hiểu hoặc khó tiêu hoá hết nội dung.”,"participant quote, edited for clarity","High-income / family-oriented / spiritual-cultural experience; frequent work travel, limited personal leisure travel.",F_P01_2026Q2_r006
R007,007,P01,Trust in expert guide,,,"“Nếu có một chuyên gia thật sự am hiểu dẫn dắt, tôi sẽ tham gia để hiểu sâu hơn. Nhưng nếu người dẫn chỉ nửa vời, tôi sẽ không đi.”","“Nếu có một chuyên gia thật sự am hiểu dẫn dắt, tôi sẽ tham gia để hiểu sâu hơn. Nhưng nếu người dẫn chỉ nửa vời, tôi sẽ không đi.”","participant quote, edited for clarity","High-income / family-oriented / spiritual-cultural experience; frequent work travel, limited personal leisure travel.",F_P01_2026Q2_r007
R008,008,P01,Psychological safety,,,"“Với chủ đề tâm linh, người tham gia rất dễ có cảm giác sợ hoặc phòng bị. Tour cần tạo được một vùng an toàn để họ có thể tiếp nhận và đặt câu hỏi.”","“Với chủ đề tâm linh, người tham gia rất dễ có cảm giác sợ hoặc phòng bị. Tour cần tạo được một vùng an toàn để họ có thể tiếp nhận và đặt câu hỏi.”","participant quote, edited for clarity","High-income / family-oriented / spiritual-cultural experience; frequent work travel, limited personal leisure travel.",F_P01_2026Q2_r008
R009,009,P02,Travel motivation,,,"“Khi đi du lịch, tôi thường ưu tiên đi chơi, đến những nơi nổi tiếng và có cảnh đẹp. Tôi không nhất thiết cần hiểu sâu về lịch sử; điều quan trọng là chuyến đi mang lại niềm vui và sự thoải mái.”","“Khi đi du lịch, tôi thường ưu tiên đi chơi, đến những nơi nổi tiếng và có cảnh đẹp. Tôi không nhất thiết cần hiểu sâu về lịch sử; điều quan trọng là chuyến đi mang lại niềm vui...","participant quote, edited for clarity","Working adult; prefers comfort, famous places, light cultural exposure; limited personal leisure travel.",F_P02_2026Q2_r009
R010,010,P02,Decision criteria,,,"“Khi chọn một chuyến đi, tôi quan tâm nhiều nhất đến an ninh, thời tiết, thời gian và chi phí.” MẠCH - Record tổng hợp phỏng vấn khách hàng","“Khi chọn một chuyến đi, tôi quan tâm nhiều nhất đến an ninh, thời tiết, thời gian và chi phí.” MẠCH - Record tổng hợp phỏng vấn khách hàng","participant quote, edited for clarity","Working adult; prefers comfort, famous places, light cultural exposure; limited personal leisure travel.",F_P02_2026Q2_r010
R011,011,P02,Concept overload,,,"“Lịch trình 3 ngày 2 đêm khiến tôi hơi ngộp. Tour có vẻ cần tập trung quá nhiều, nên tôi sợ sẽ bị mệt nếu không có đủ thời gian nghỉ ngơi.”","“Lịch trình 3 ngày 2 đêm khiến tôi hơi ngộp. Tour có vẻ cần tập trung quá nhiều, nên tôi sợ sẽ bị mệt nếu không có đủ thời gian nghỉ ngơi.”","participant quote, edited for clarity","Working adult; prefers comfort, famous places, light cultural exposure; limited personal leisure travel.",F_P02_2026Q2_r011
R012,012,P02,Need soft/freestyle activities,,,"“Nếu có những phần ngắn hơn, nhẹ hơn, kiểu nửa buổi hoặc có hoạt động tự do để giao lưu, tôi sẽ thấy dễ tiếp cận hơn.”","“Nếu có những phần ngắn hơn, nhẹ hơn, kiểu nửa buổi hoặc có hoạt động tự do để giao lưu, tôi sẽ thấy dễ tiếp cận hơn.”","participant quote, edited for clarity","Working adult; prefers comfort, famous places, light cultural exposure; limited personal leisure travel.",F_P02_2026Q2_r012
R013,013,P02,Academic positioning,,,"“Concept hiện tại có thiên hướng học tập và nghiên cứu. Với người chỉ muốn đi chơi và tìm hiểu sơ qua như tôi, cách tiếp cận này có thể hơi đáng sợ.”","“Concept hiện tại có thiên hướng học tập và nghiên cứu. Với người chỉ muốn đi chơi và tìm hiểu sơ qua như tôi, cách tiếp cận này có thể hơi đáng sợ.”","participant quote, edited for clarity","Working adult; prefers comfort, famous places, light cultural exposure; limited personal leisure travel.",F_P02_2026Q2_r013
R014,014,P02,Lack of hook,,,"“Tôi có hứng thú một chút, nhưng tour chưa có yếu tố hook đủ mạnh. Nếu mọi thứ thuận lợi thì tôi có thể đi, nhưng chưa phải kiểu muốn book ngay.”","“Tôi có hứng thú một chút, nhưng tour chưa có yếu tố hook đủ mạnh. Nếu mọi thứ thuận lợi thì tôi có thể đi, nhưng chưa phải kiểu muốn book ngay.”","participant quote, edited for clarity","Working adult; prefers comfort, famous places, light cultural exposure; limited personal leisure travel.",F_P02_2026Q2_r014
R015,015,P02,Hands-on preference,,,"“Tôi muốn được chạm vào hoạt động nhiều hơn thay vì chỉ ngồi nghe. Những phần như tham gia hoạt động cộng đồng, homestay hoặc bước vào đời sống cộng đồng sẽ hấp dẫn hơn.”","“Tôi muốn được chạm vào hoạt động nhiều hơn thay vì chỉ ngồi nghe. Những phần như tham gia hoạt động cộng đồng, homestay hoặc bước vào đời sống cộng đồng sẽ hấp dẫn hơn.”","participant quote, edited for clarity","Working adult; prefers comfort, famous places, light cultural exposure; limited personal leisure travel.",F_P02_2026Q2_r015
R016,016,P02,Sustainable tourism awareness,,,"“Tôi chưa nghĩ sâu về du lịch bền vững. Nếu tour có thêm yếu tố đó thì tôi welcome, nhưng tôi vẫn muốn biết chi phí sẽ tăng lên bao nhiêu.”","“Tôi chưa nghĩ sâu về du lịch bền vững. Nếu tour có thêm yếu tố đó thì tôi welcome, nhưng tôi vẫn muốn biết chi phí sẽ tăng lên bao nhiêu.”","participant quote, edited for clarity","Working adult; prefers comfort, famous places, light cultural exposure; limited personal leisure travel.",F_P02_2026Q2_r016
R017,017,P04,Premium service standard,,,"“Tôi khá thoải mái khi bỏ tiền cho dịch vụ cao cấp, nhưng khi đã chi tiền thì tôi sẽ đánh giá chất lượng rất kỹ.”","“Tôi khá thoải mái khi bỏ tiền cho dịch vụ cao cấp, nhưng khi đã chi tiền thì tôi sẽ đánh giá chất lượng rất kỹ.”","participant quote, edited for clarity","Family traveller / parent; past experiential interest, now prioritises safety, resort, children, service quality.",F_P04_2026Q2_r017
R018,018,P04,Family constraints,,,"“Từ khi có con, khả năng đi những chuyến khám phá hoặc trải nghiệm giảm đi rất nhiều. Hiện tại, du lịch của gia đình tôi chủ yếu là nghỉ dưỡng.”","“Từ khi có con, khả năng đi những chuyến khám phá hoặc trải nghiệm giảm đi rất nhiều. Hiện tại, du lịch của gia đình tôi chủ yếu là nghỉ dưỡng.”","participant quote, edited for clarity","Family traveller / parent; past experiential interest, now prioritises safety, resort, children, service quality.",F_P04_2026Q2_r018
R019,019,P04,Safety as default,,,"“Với gia đình có con nhỏ, nghỉ dưỡng tạo cảm giác an toàn hơn. Những chuyến đi đường vất vả hoặc nhiều trải nghiệm khám phá sẽ khiến tôi phải cân nhắc.”","“Với gia đình có con nhỏ, nghỉ dưỡng tạo cảm giác an toàn hơn. Những chuyến đi đường vất vả hoặc nhiều trải nghiệm khám phá sẽ khiến tôi phải cân nhắc.”","participant quote, edited for clarity","Family traveller / parent; past experiential interest, now prioritises safety, resort, children, service quality.",F_P04_2026Q2_r019
R020,020,P04,Loss of authenticity in Sapa,,,"“Sapa bây giờ mất bản sắc khá nhiều. Khách sạn mọc lên quá nhiều, nên cảm giác không khác Hà Nội là mấy. Tôi vẫn thích những nơi giữ được nét nguyên thuỷ và bản sắc dân tộc.”","“Sapa bây giờ mất bản sắc khá nhiều. Khách sạn mọc lên quá nhiều, nên cảm giác không khác Hà Nội là mấy. Tôi vẫn thích những nơi giữ được nét nguyên thuỷ và bản sắc dân tộc.”","participant quote, edited for clarity","Family traveller / parent; past experiential interest, now prioritises safety, resort, children, service quality.",F_P04_2026Q2_r020
R021,021,P04,Concept reaction,,,"“Concept khá phong phú và có nhiều ý hay, nhưng hiện tại vẫn nặng phần kiến thức và thiếu tính trải nghiệm.” MẠCH - Record tổng hợp phỏng vấn khách hàng","“Concept khá phong phú và có nhiều ý hay, nhưng hiện tại vẫn nặng phần kiến thức và thiếu tính trải nghiệm.” MẠCH - Record tổng hợp phỏng vấn khách hàng","participant quote, edited for clarity","Family traveller / parent; past experiential interest, now prioritises safety, resort, children, service quality.",F_P04_2026Q2_r021
R022,022,P04,Need workshop and humour,,,"“Hướng dẫn viên cần biết cách đan xen kiến thức với sự hài hước và trải nghiệm. Nếu có workshop hoặc hoạt động làm nghề, tour sẽ đỡ khô khan hơn.”","“Hướng dẫn viên cần biết cách đan xen kiến thức với sự hài hước và trải nghiệm. Nếu có workshop hoặc hoạt động làm nghề, tour sẽ đỡ khô khan hơn.”","participant quote, edited for clarity","Family traveller / parent; past experiential interest, now prioritises safety, resort, children, service quality.",F_P04_2026Q2_r022
R023,023,P04,Social dependency,,,"“Nếu bạn bè rủ thì tôi có thể đi, nhưng tôi khó tự chủ động book một tour như vậy. Quyết định của bạn bè ảnh hưởng khá nhiều.”","“Nếu bạn bè rủ thì tôi có thể đi, nhưng tôi khó tự chủ động book một tour như vậy. Quyết định của bạn bè ảnh hưởng khá nhiều.”","participant quote, edited for clarity","Family traveller / parent; past experiential interest, now prioritises safety, resort, children, service quality.",F_P04_2026Q2_r023
R024,024,P04,Accommodation requirement,,,"“Nếu muốn tôi book ngay, tour cần có khách sạn đẹp và lịch trình nhẹ hơn - sáng tham quan, chiều có thời gian ở khách sạn nghỉ ngơi.”","“Nếu muốn tôi book ngay, tour cần có khách sạn đẹp và lịch trình nhẹ hơn - sáng tham quan, chiều có thời gian ở khách sạn nghỉ ngơi.”","participant quote, edited for clarity","Family traveller / parent; past experiential interest, now prioritises safety, resort, children, service quality.",F_P04_2026Q2_r024
R025,025,P04,Sustainability awareness,,,"“Tôi có nghe về du lịch bền vững, chủ yếu hiểu là bảo vệ bản sắc và môi trường. Nhưng tôi nghĩ khái niệm này ít người biết, chủ yếu trong ngành du lịch.”","“Tôi có nghe về du lịch bền vững, chủ yếu hiểu là bảo vệ bản sắc và môi trường. Nhưng tôi nghĩ khái niệm này ít người biết, chủ yếu trong ngành du lịch.”","participant quote, edited for clarity","Family traveller / parent; past experiential interest, now prioritises safety, resort, children, service quality.",F_P04_2026Q2_r025
R026,026,P05,Need novelty,,,“Tôi đi du lịch vì muốn trải nghiệm điều mới và thử thách bản thân. Tôi không thích cảm giác nhàm chán hoặc lặp lại.”,“Tôi đi du lịch vì muốn trải nghiệm điều mới và thử thách bản thân. Tôi không thích cảm giác nhàm chán hoặc lặp lại.”,"participant quote, edited for clarity","24, office worker; frequent spontaneous traveller, strongly social, seeks active experiences.",F_P05_2026Q2_r026
R027,027,P05,Active travel preference,,,"“Tôi không thích những chuyến đi thiếu hoạt động. Tôi muốn được trải nghiệm nhiều thứ, ăn ngon, ngắm cảnh nhiều; kiểu đi chỉ để healing không hợp với tôi lắm.”","“Tôi không thích những chuyến đi thiếu hoạt động. Tôi muốn được trải nghiệm nhiều thứ, ăn ngon, ngắm cảnh nhiều; kiểu đi chỉ để healing không hợp với tôi lắm.”","participant quote, edited for clarity","24, office worker; frequent spontaneous traveller, strongly social, seeks active experiences.",F_P05_2026Q2_r027
R028,028,P05,Tour vs self-guided,,,"“Khi đi tour, tôi hiểu được nhiều hơn về bản sắc và câu chuyện của nơi đến. Nếu đi tự túc, chuyến đi thường thiên về chơi nhiều hơn là hiểu sâu.”","“Khi đi tour, tôi hiểu được nhiều hơn về bản sắc và câu chuyện của nơi đến. Nếu đi tự túc, chuyến đi thường thiên về chơi nhiều hơn là hiểu sâu.”","participant quote, edited for clarity","24, office worker; frequent spontaneous traveller, strongly social, seeks active experiences.",F_P05_2026Q2_r028
R029,029,P05,Budget sensitivity,,,"“Tôi quan tâm đến chi phí vì không muốn chi nhiều cho một chuyến đi không đáng. Một chuyến đi đáng tiền phải có nhiều trải nghiệm và tác động được đến giác quan, cảm xúc.”","“Tôi quan tâm đến chi phí vì không muốn chi nhiều cho một chuyến đi không đáng. Một chuyến đi đáng tiền phải có nhiều trải nghiệm và tác động được đến giác quan, cảm xúc.”","participant quote, edited for clarity","24, office worker; frequent spontaneous traveller, strongly social, seeks active experiences.",F_P05_2026Q2_r029
R030,030,P05,Social dependency,,,"“Tôi gần như phải có bạn bè thân thiết đi cùng thì mới muốn đi. Với một tour văn hoá, tôi cần người đồng hành để cùng trao đổi và chia sẻ trải nghiệm.”","“Tôi gần như phải có bạn bè thân thiết đi cùng thì mới muốn đi. Với một tour văn hoá, tôi cần người đồng hành để cùng trao đổi và chia sẻ trải nghiệm.”","participant quote, edited for clarity","24, office worker; frequent spontaneous traveller, strongly social, seeks active experiences.",F_P05_2026Q2_r030
R031,031,P05,Familiarity bias,,,"“Với du lịch văn hoá ở Việt Nam, tôi không có nhu cầu mạnh bằng khi đi nước ngoài, vì cảm giác mình đã ở đây rồi và đã quen với văn hoá này.”","“Với du lịch văn hoá ở Việt Nam, tôi không có nhu cầu mạnh bằng khi đi nước ngoài, vì cảm giác mình đã ở đây rồi và đã quen với văn hoá này.”","participant quote, edited for clarity","24, office worker; frequent spontaneous traveller, strongly social, seeks active experiences.",F_P05_2026Q2_r031
R032,032,P05,Concept reaction,,,"“Concept khá hay và mới. Tôi thích những phần được đi, được trải nghiệm và được nhìn thấy trực tiếp.”","“Concept khá hay và mới. Tôi thích những phần được đi, được trải nghiệm và được nhìn thấy trực tiếp.”","participant quote, edited for clarity","24, office worker; frequent spontaneous traveller, strongly social, seeks active experiences.",F_P05_2026Q2_r032
R033,033,P05,Price thresholds,,,"“Nếu quá 5 triệu thì khả năng cao tôi sẽ không đi. Khoảng 3-5 triệu thì chấp nhận được, còn 1-2 triệu lại khiến tôi nghi ngờ chất lượng.” MẠCH - Record tổng hợp phỏng vấn khách hàng","“Nếu quá 5 triệu thì khả năng cao tôi sẽ không đi. Khoảng 3-5 triệu thì chấp nhận được, còn 1-2 triệu lại khiến tôi nghi ngờ chất lượng.” MẠCH - Record tổng hợp phỏng vấn khách...","participant quote, edited for clarity","24, office worker; frequent spontaneous traveller, strongly social, seeks active experiences.",F_P05_2026Q2_r033
R034,034,P05,Sustainable tourism,,,"“Tôi có nghe về du lịch bền vững qua báo chí, nhưng cách nói thường khá lý thuyết nên không có gì đọng lại nhiều.”","“Tôi có nghe về du lịch bền vững qua báo chí, nhưng cách nói thường khá lý thuyết nên không có gì đọng lại nhiều.”","participant quote, edited for clarity","24, office worker; frequent spontaneous traveller, strongly social, seeks active experiences.",F_P05_2026Q2_r034
R035,035,P06,Avoid tourist traps,,,“Tôi không thích đi những nơi đã bị du lịch hoá quá nhiều hoặc bị ảnh hưởng quá mạnh bởi tourist attraction.”,“Tôi không thích đi những nơi đã bị du lịch hoá quá nhiều hoặc bị ảnh hưởng quá mạnh bởi tourist attraction.”,"participant quote, edited for clarity","29, export employee; prefers nature, local life, self-directed travel, safety via friends.",F_P06_2026Q2_r035
R036,036,P06,Travel motivation,,,“Tôi không thích kiểu du lịch nghỉ dưỡng. Tôi thích được trải nghiệm cuộc sống local hơn.”,“Tôi không thích kiểu du lịch nghỉ dưỡng. Tôi thích được trải nghiệm cuộc sống local hơn.”,"participant quote, edited for clarity","29, export employee; prefers nature, local life, self-directed travel, safety via friends.",F_P06_2026Q2_r036
R037,037,P06,Memorable local experience,,,"“Những chuyến như Tà Xùa đáng nhớ vì có trekking, chợ phiên và cơ hội tương tác với cuộc sống của người dân.”","“Những chuyến như Tà Xùa đáng nhớ vì có trekking, chợ phiên và cơ hội tương tác với cuộc sống của người dân.”","participant quote, edited for clarity","29, export employee; prefers nature, local life, self-directed travel, safety via friends.",F_P06_2026Q2_r037
R038,038,P06,Staged experience concern,,,“Có những làng du lịch ở Trung Quốc khiến tôi có cảm giác mọi thứ đang được diễn cho khách xem.”,“Có những làng du lịch ở Trung Quốc khiến tôi có cảm giác mọi thứ đang được diễn cho khách xem.”,"participant quote, edited for clarity","29, export employee; prefers nature, local life, self-directed travel, safety via friends.",F_P06_2026Q2_r038
R039,039,P06,Concept reaction,,,"“Tôi muốn bỏ qua ngày đầu và cả nửa ngày thứ hai. Những phần hấp dẫn hơn là từ chiều tối ngày hai và ngày ba, vì có cảm giác được tự trải nghiệm nhiều hơn.”","“Tôi muốn bỏ qua ngày đầu và cả nửa ngày thứ hai. Những phần hấp dẫn hơn là từ chiều tối ngày hai và ngày ba, vì có cảm giác được tự trải nghiệm nhiều hơn.”","participant quote, edited for clarity","29, export employee; prefers nature, local life, self-directed travel, safety via friends.",F_P06_2026Q2_r039
R040,040,P06,Forced participation,,,"“Nếu hoạt động có cảm giác bị ép buộc, tôi sẽ rất nhanh chán. Tôi muốn có không gian để tự trải nghiệm theo cách của mình.”","“Nếu hoạt động có cảm giác bị ép buộc, tôi sẽ rất nhanh chán. Tôi muốn có không gian để tự trải nghiệm theo cách của mình.”","participant quote, edited for clarity","29, export employee; prefers nature, local life, self-directed travel, safety via friends.",F_P06_2026Q2_r040
R041,041,P06,Target mismatch,,,"“Tôi nghĩ tour này phù hợp hơn với nhóm 35 tuổi trở lên, những người thích lịch trình nhẹ nhàng và chậm hơn.”","“Tôi nghĩ tour này phù hợp hơn với nhóm 35 tuổi trở lên, những người thích lịch trình nhẹ nhàng và chậm hơn.”","participant quote, edited for clarity","29, export employee; prefers nature, local life, self-directed travel, safety via friends.",F_P06_2026Q2_r041
R042,042,P06,Sustainable tourism premium,,,"“Nếu tour có yếu tố xanh hoặc bền vững, tôi có thể trả cao hơn khoảng 10-20% mà chưa thấy quá lăn tăn.”","“Nếu tour có yếu tố xanh hoặc bền vững, tôi có thể trả cao hơn khoảng 10-20% mà chưa thấy quá lăn tăn.”","participant quote, edited for clarity","29, export employee; prefers nature, local life, self-directed travel, safety via friends.",F_P06_2026Q2_r042
R043,043,P06,Price threshold,,,"“Khoảng 10 triệu thì tôi sẽ tham gia, còn từ 15 triệu trở lên thì tôi sẽ không tham gia.”","“Khoảng 10 triệu thì tôi sẽ tham gia, còn từ 15 triệu trở lên thì tôi sẽ không tham gia.”","participant quote, edited for clarity","29, export employee; prefers nature, local life, self-directed travel, safety via friends.",F_P06_2026Q2_r043
R044,044,P07,Vietnam tour problem,,,"“Tour ở Việt Nam thường khá cứng nhắc, ít thay đổi và bị đóng khung theo một motif quen thuộc, nhiều khi vì vướng logistics.” MẠCH - Record tổng hợp phỏng vấn khách hàng","“Tour ở Việt Nam thường khá cứng nhắc, ít thay đổi và bị đóng khung theo một motif quen thuộc, nhiều khi vì vướng logistics.” MẠCH - Record tổng hợp phỏng vấn khách hàng","participant quote, edited for clarity","Fashion industry; previously worked in tourism coordination/sales; strong perspective on service, marketing and",F_P07_2026Q2_r044
R045,045,P07,What customers care about,,,"“Khách thường quan tâm đến lịch trình, thời gian, các điểm chính và việc tour có bị gấp quá không. Ngoài ra, chất lượng bữa ăn và khách sạn là những yếu tố rất quan trọng.”","“Khách thường quan tâm đến lịch trình, thời gian, các điểm chính và việc tour có bị gấp quá không. Ngoài ra, chất lượng bữa ăn và khách sạn là những yếu tố rất quan trọng.”","participant quote, edited for clarity","Fashion industry; previously worked in tourism coordination/sales; strong perspective on service, marketing and",F_P07_2026Q2_r045
R046,046,P07,Why self-guided travel wins,,,"“Đi tự túc cho tôi cảm giác cá nhân, riêng tư và tự do thời gian hơn. Còn đi tour thường bị giới hạn thời gian, đi đông và khó trải nghiệm kỹ.”","“Đi tự túc cho tôi cảm giác cá nhân, riêng tư và tự do thời gian hơn. Còn đi tour thường bị giới hạn thời gian, đi đông và khó trải nghiệm kỹ.”","participant quote, edited for clarity","Fashion industry; previously worked in tourism coordination/sales; strong perspective on service, marketing and",F_P07_2026Q2_r046
R047,047,P07,Marketing hook,,,"“Với số đông, tour cần có hook rất nhanh trên mạng xã hội. Người xem chỉ tiếp xúc thông tin trong 30 giây đến 1 phút, nên hình ảnh và video ngắn phải đủ cuốn.”","“Với số đông, tour cần có hook rất nhanh trên mạng xã hội. Người xem chỉ tiếp xúc thông tin trong 30 giây đến 1 phút, nên hình ảnh và video ngắn phải đủ cuốn.”","participant quote, edited for clarity","Fashion industry; previously worked in tourism coordination/sales; strong perspective on service, marketing and",F_P07_2026Q2_r047
R048,048,P07,Service risk,,,"“Điểm tôi lo là dịch vụ phục vụ không đồng đều, đặc biệt là vệ sinh và an toàn. Với khách có con nhỏ, những yếu tố này cực kỳ nhạy cảm.”","“Điểm tôi lo là dịch vụ phục vụ không đồng đều, đặc biệt là vệ sinh và an toàn. Với khách có con nhỏ, những yếu tố này cực kỳ nhạy cảm.”","participant quote, edited for clarity","Fashion industry; previously worked in tourism coordination/sales; strong perspective on service, marketing and",F_P07_2026Q2_r048
R049,049,P07,Value comparison,,,"“Với cùng số tiền, khách sẽ so sánh trải nghiệm trong nước với trải nghiệm nước ngoài. Câu hỏi là số tiền bỏ ra có thật sự xứng với service hay không.”","“Với cùng số tiền, khách sẽ so sánh trải nghiệm trong nước với trải nghiệm nước ngoài. Câu hỏi là số tiền bỏ ra có thật sự xứng với service hay không.”","participant quote, edited for clarity","Fashion industry; previously worked in tourism coordination/sales; strong perspective on service, marketing and",F_P07_2026Q2_r049
R050,050,P07,Concept strengths,,,"“Điểm mạnh là lịch trình có câu chuyện, có chữ tình và có cảm giác khám phá gốc gác của vùng miền. Nếu kết hợp food tour, tâm linh, biểu diễn và ăn uống thì sẽ hấp dẫn hơn.”","“Điểm mạnh là lịch trình có câu chuyện, có chữ tình và có cảm giác khám phá gốc gác của vùng miền. Nếu kết hợp food tour, tâm linh, biểu diễn và ăn uống thì sẽ hấp dẫn hơn.”","participant quote, edited for clarity","Fashion industry; previously worked in tourism coordination/sales; strong perspective on service, marketing and",F_P07_2026Q2_r050
R051,051,P07,Concept weaknesses,,,"“Hiện tại concept chưa đủ cuốn hút với người Việt. Nó vẫn dừng ở mức tò mò, hơi giống học sinh đi ngoại khoá hơn là một chuyến du lịch thật sự hấp dẫn.”","“Hiện tại concept chưa đủ cuốn hút với người Việt. Nó vẫn dừng ở mức tò mò, hơi giống học sinh đi ngoại khoá hơn là một chuyến du lịch thật sự hấp dẫn.”","participant quote, edited for clarity","Fashion industry; previously worked in tourism coordination/sales; strong perspective on service, marketing and",F_P07_2026Q2_r051
R052,052,P07,Proof from others,,,"“Hiện tại mức hứng thú của tôi khoảng 3/5. Nếu có người đi trước và review tốt, nó có thể tăng lên 5/5.”","“Hiện tại mức hứng thú của tôi khoảng 3/5. Nếu có người đi trước và review tốt, nó có thể tăng lên 5/5.”","participant quote, edited for clarity","Fashion industry; previously worked in tourism coordination/sales; strong perspective on service, marketing and",F_P07_2026Q2_r052
R053,053,P07,Attention span,,,"“Nếu chỉ nghe nói liên tục, khoảng 10 phút là tôi bắt đầu mất tập trung.”","“Nếu chỉ nghe nói liên tục, khoảng 10 phút là tôi bắt đầu mất tập trung.”","participant quote, edited for clarity","Fashion industry; previously worked in tourism coordination/sales; strong perspective on service, marketing and",F_P07_2026Q2_r053
R054,054,P08,Life-stage shift,,,"“Trước đây tôi ưu tiên nơi an toàn và đầy đủ tiện nghi vì con còn nhỏ. Bây giờ khi con lớn hơn, tôi bắt đầu muốn những chuyến có tính khám phá hơn.”","“Trước đây tôi ưu tiên nơi an toàn và đầy đủ tiện nghi vì con còn nhỏ. Bây giờ khi con lớn hơn, tôi bắt đầu muốn những chuyến có tính khám phá hơn.”","participant quote, edited for clarity","41, bank employee, family with two children; moving from resort safety toward family-friendly exploration.",F_P08_2026Q2_r054
R055,055,P08,Meaningful travel,,,"“Một chuyến đi có ý nghĩa hơn khi vừa an toàn, đầy đủ tiện nghi, vừa có những trải nghiệm đời thường như đi chợ địa phương và tự nấu ăn.”","“Một chuyến đi có ý nghĩa hơn khi vừa an toàn, đầy đủ tiện nghi, vừa có những trải nghiệm đời thường như đi chợ địa phương và tự nấu ăn.”","participant quote, edited for clarity","41, bank employee, family with two children; moving from resort safety toward family-friendly exploration.",F_P08_2026Q2_r055
R056,056,P08,Memorable Hà Giang,,,"“Chuyến Hà Giang rất mệt và bụi, nhưng cảnh đẹp như tranh thuỷ mặc và có rất nhiều khoảnh khắc đáng nhớ. Con tôi còn nói đó là chuyến đi đáng nhớ nhất trong đời.” MẠCH - Record tổng hợp phỏng vấn khách hàng","“Chuyến Hà Giang rất mệt và bụi, nhưng cảnh đẹp như tranh thuỷ mặc và có rất nhiều khoảnh khắc đáng nhớ. Con tôi còn nói đó là chuyến đi đáng nhớ nhất trong đời.” MẠCH - Record...","participant quote, edited for clarity","41, bank employee, family with two children; moving from resort safety toward family-friendly exploration.",F_P08_2026Q2_r056
R057,057,P08,Budget attitude,,,"“Rẻ không phải ưu tiên đầu tiên. Khi con lớn hơn, ngân sách du lịch của gia đình tôi cũng sẽ tăng vì nhu cầu ăn ở và không gian riêng nhiều hơn.”","“Rẻ không phải ưu tiên đầu tiên. Khi con lớn hơn, ngân sách du lịch của gia đình tôi cũng sẽ tăng vì nhu cầu ăn ở và không gian riêng nhiều hơn.”","participant quote, edited for clarity","41, bank employee, family with two children; moving from resort safety toward family-friendly exploration.",F_P08_2026Q2_r057
R058,058,P08,Staged culture,,,“Tôi nghĩ người làm du lịch ở địa phương chắc chắn có phần biểu diễn cho khách xem. Nhưng nếu đó là cách quảng bá văn hoá cho nhiều người biết hơn thì tôi vẫn hoan nghênh.”,“Tôi nghĩ người làm du lịch ở địa phương chắc chắn có phần biểu diễn cho khách xem. Nhưng nếu đó là cách quảng bá văn hoá cho nhiều người biết hơn thì tôi vẫn hoan nghênh.”,"participant quote, edited for clarity","41, bank employee, family with two children; moving from resort safety toward family-friendly exploration.",F_P08_2026Q2_r058
R059,059,P08,Concept first reaction,,,"“Phản ứng đầu tiên của tôi là tour này khá kén người, không quá trend, nhưng cũng mới lạ.”","“Phản ứng đầu tiên của tôi là tour này khá kén người, không quá trend, nhưng cũng mới lạ.”","participant quote, edited for clarity","41, bank employee, family with two children; moving from resort safety toward family-friendly exploration.",F_P08_2026Q2_r059
R060,060,P08,Missing key selling point,,,"“Tôi chưa thấy rõ key selling point và chưa hình dung được chuyến đi này sẽ như thế nào. Tôi cần thấy những góc đẹp, cảnh đẹp và điểm nhấn cụ thể hơn.”","“Tôi chưa thấy rõ key selling point và chưa hình dung được chuyến đi này sẽ như thế nào. Tôi cần thấy những góc đẹp, cảnh đẹp và điểm nhấn cụ thể hơn.”","participant quote, edited for clarity","41, bank employee, family with two children; moving from resort safety toward family-friendly exploration.",F_P08_2026Q2_r060
R061,061,P08,Destination credibility,,,"“Nam Định hiện chưa có độ nhận diện rõ như một điểm đến du lịch, nên tour cần làm rõ hơn vì sao nơi này đáng đi.”","“Nam Định hiện chưa có độ nhận diện rõ như một điểm đến du lịch, nên tour cần làm rõ hơn vì sao nơi này đáng đi.”","participant quote, edited for clarity","41, bank employee, family with two children; moving from resort safety toward family-friendly exploration.",F_P08_2026Q2_r061
R062,062,P08,Sustainable tourism definition,,,"“Với tôi, du lịch bền vững là nơi khiến mình đến một lần vẫn muốn quay lại khám phá tiếp, nhưng không bị khai thác quá mức.”","“Với tôi, du lịch bền vững là nơi khiến mình đến một lần vẫn muốn quay lại khám phá tiếp, nhưng không bị khai thác quá mức.”","participant quote, edited for clarity","41, bank employee, family with two children; moving from resort safety toward family-friendly exploration.",F_P08_2026Q2_r062
R063,063,P09,Domestic vs overseas travel,,,"“Khi đi trong nước, tôi thường thiên về nghỉ dưỡng. Nhưng khi đi nước ngoài, tôi lại có xu hướng khám phá và tìm hiểu nhiều hơn.”","“Khi đi trong nước, tôi thường thiên về nghỉ dưỡng. Nhưng khi đi nước ngoài, tôi lại có xu hướng khám phá và tìm hiểu nhiều hơn.”","participant quote, edited for clarity","26, sales export; friend-group traveller, influenced by trends and social media; positive toward MẠCH concept but",F_P09_2026Q2_r063
R064,064,P09,Social travel,,,"“Khoảng 80% chuyến đi của tôi là đi cùng nhóm bạn, thường khoảng bốn người. Gợi ý từ bạn bè và người thân có ảnh hưởng khá lớn.”","“Khoảng 80% chuyến đi của tôi là đi cùng nhóm bạn, thường khoảng bốn người. Gợi ý từ bạn bè và người thân có ảnh hưởng khá lớn.”","participant quote, edited for clarity","26, sales export; friend-group traveller, influenced by trends and social media; positive toward MẠCH concept but",F_P09_2026Q2_r064
R065,065,P09,Self-guided vs tour,,,"“Đi tự túc cho tôi sự chủ động về lịch trình và đồ ăn hợp khẩu vị hơn. Đi tour thì có lợi thế là hiểu văn hoá qua tour guide, nhưng tôi không thích bị gò bó.”","“Đi tự túc cho tôi sự chủ động về lịch trình và đồ ăn hợp khẩu vị hơn. Đi tour thì có lợi thế là hiểu văn hoá qua tour guide, nhưng tôi không thích bị gò bó.”","participant quote, edited for clarity","26, sales export; friend-group traveller, influenced by trends and social media; positive toward MẠCH concept but",F_P09_2026Q2_r065
R066,066,P09,Memorable Huế,,,"“Huế làm tôi bất ngờ, đặc biệt là con người. Sau chuyến đi, điều đọng lại không chỉ là văn hoá và lịch sử mà còn là việc nhóm bạn trở nên thân thiết hơn.”","“Huế làm tôi bất ngờ, đặc biệt là con người. Sau chuyến đi, điều đọng lại không chỉ là văn hoá và lịch sử mà còn là việc nhóm bạn trở nên thân thiết hơn.”","participant quote, edited for clarity","26, sales export; friend-group traveller, influenced by trends and social media; positive toward MẠCH concept but",F_P09_2026Q2_r066
R067,067,P09,Authenticity in service,,,"“Với tôi, sự chân thực trong du lịch không chỉ nằm ở văn hoá, mà còn ở sự thật thà và chân thành trong cách phục vụ khách hàng.” MẠCH - Record tổng hợp phỏng vấn khách hàng","“Với tôi, sự chân thực trong du lịch không chỉ nằm ở văn hoá, mà còn ở sự thật thà và chân thành trong cách phục vụ khách hàng.” MẠCH - Record tổng hợp phỏng vấn khách hàng","participant quote, edited for clarity","26, sales export; friend-group traveller, influenced by trends and social media; positive toward MẠCH concept but",F_P09_2026Q2_r067
R068,068,P09,Concept audience,,,“Tôi nghĩ tour này có thể phù hợp 70% với người nước ngoài và 30% với Gen Z Việt Nam - những người tò mò với các chủ đề văn hoá.”,“Tôi nghĩ tour này có thể phù hợp 70% với người nước ngoài và 30% với Gen Z Việt Nam - những người tò mò với các chủ đề văn hoá.”,"participant quote, edited for clarity","26, sales export; friend-group traveller, influenced by trends and social media; positive toward MẠCH concept but",F_P09_2026Q2_r068
R069,069,P09,Personal fit and pricing,,,"“Tôi thấy bản thân phù hợp khoảng 80%. Mức giá hợp lý có thể là 5-7 triệu; trên 10 triệu thì quá đắt, còn 3 triệu lại có cảm giác quá rẻ.”","“Tôi thấy bản thân phù hợp khoảng 80%. Mức giá hợp lý có thể là 5-7 triệu; trên 10 triệu thì quá đắt, còn 3 triệu lại có cảm giác quá rẻ.”","participant quote, edited for clarity","26, sales export; friend-group traveller, influenced by trends and social media; positive toward MẠCH concept but",F_P09_2026Q2_r069
R070,070,P09,Positive concept reaction,,,"“Mức hứng thú của tôi khoảng 4/5. Tôi đánh giá cao câu chuyện dẫn dắt, chủ đề và phần ăn uống tại nhà dân.”","“Mức hứng thú của tôi khoảng 4/5. Tôi đánh giá cao câu chuyện dẫn dắt, chủ đề và phần ăn uống tại nhà dân.”","participant quote, edited for clarity","26, sales export; friend-group traveller, influenced by trends and social media; positive toward MẠCH concept but",F_P09_2026Q2_r070
R071,071,P09,Destination barrier,,,"“Điểm khiến tôi lưỡng lự là Nam Định. Nếu đó là một điểm đến nổi tiếng hơn, có nhiều điều thu hút hơn, tôi sẽ dễ hứng thú hơn.”","“Điểm khiến tôi lưỡng lự là Nam Định. Nếu đó là một điểm đến nổi tiếng hơn, có nhiều điều thu hút hơn, tôi sẽ dễ hứng thú hơn.”","participant quote, edited for clarity","26, sales export; friend-group traveller, influenced by trends and social media; positive toward MẠCH concept but",F_P09_2026Q2_r071
R072,072,P09,Sustainable tourism definition,,,"“Với tôi, du lịch bền vững là tìm hiểu kỹ và tìm hiểu sâu về nơi đến cũng như con người ở đó.” MẠCH - Record tổng hợp phỏng vấn khách hàng 2. Nhóm B - Participants có trải nghiệm / định hướng","“Với tôi, du lịch bền vững là tìm hiểu kỹ và tìm hiểu sâu về nơi đến cũng như con người ở đó.” MẠCH - Record tổng hợp phỏng vấn khách hàng 2. Nhóm B - Participants có trải nghiệ...","participant quote, edited for clarity","26, sales export; friend-group traveller, influenced by trends and social media; positive toward MẠCH concept but",F_P09_2026Q2_r072
R073,073,P03,Ideal day / cultural openness,,,"“Một ngày lý tưởng với tôi là được gặp những người thú vị, đi nghe nhạc hoặc tham gia một hoạt động trải nghiệm văn hoá.”","“Một ngày lý tưởng với tôi là được gặp những người thú vị, đi nghe nhạc hoặc tham gia một hoạt động trải nghiệm văn hoá.”","participant quote, edited for clarity","Lecturer; culturally curious, project/work travel, values authenticity, art, community and learning.",F_P03_2026Q2_r073
R074,074,P03,Solo vs group travel,,,"“Đi một mình cho tôi nhiều tự do. Đi nhiều người thì phải đồng thuận nhiều hơn, nhưng đổi lại có người chia sẻ cảnh đẹp, chăm sóc nhau và có nhiều tiếng cười.”","“Đi một mình cho tôi nhiều tự do. Đi nhiều người thì phải đồng thuận nhiều hơn, nhưng đổi lại có người chia sẻ cảnh đẹp, chăm sóc nhau và có nhiều tiếng cười.”","participant quote, edited for clarity","Lecturer; culturally curious, project/work travel, values authenticity, art, community and learning.",F_P03_2026Q2_r074
R075,075,P03,Market and museum motivation,,,"“Ở một thành phố, tôi thích đi chợ và bảo tàng. Chợ cho mình cảm giác náo nhiệt, mùi hương và xúc cảm rất thật.”","“Ở một thành phố, tôi thích đi chợ và bảo tàng. Chợ cho mình cảm giác náo nhiệt, mùi hương và xúc cảm rất thật.”","participant quote, edited for clarity","Lecturer; culturally curious, project/work travel, values authenticity, art, community and learning.",F_P03_2026Q2_r075
R076,076,P03,Cultural connection,,,"“Tôi nhớ những trải nghiệm như ngủ ở nhà sàn, thức dậy với mùi khói và thấy người dân sinh hoạt xung quanh. Tôi thích cảm giác được ở giữa đời sống đó, vừa quan sát vừa hoà vào.”","“Tôi nhớ những trải nghiệm như ngủ ở nhà sàn, thức dậy với mùi khói và thấy người dân sinh hoạt xung quanh. Tôi thích cảm giác được ở giữa đời sống đó, vừa quan sát vừa hoà vào.”","participant quote, edited for clarity","Lecturer; culturally curious, project/work travel, values authenticity, art, community and learning.",F_P03_2026Q2_r076
R077,077,P03,Staged performance tolerance,,,"“Có những hoạt động biểu diễn cho khách xem mà tôi không hoàn toàn thích, nhưng tôi vẫn nhìn thấy mặt tích cực: các em nhỏ hoặc cộng đồng có cơ hội thực hành văn hoá của mình. Nhìn chung tôi khá cởi mở với điều đó.”","“Có những hoạt động biểu diễn cho khách xem mà tôi không hoàn toàn thích, nhưng tôi vẫn nhìn thấy mặt tích cực: các em nhỏ hoặc cộng đồng có cơ hội thực hành văn hoá của mình. N...","participant quote, edited for clarity","Lecturer; culturally curious, project/work travel, values authenticity, art, community and learning.",F_P03_2026Q2_r077
R078,078,P03,Concept target unclear,,,"“Khi đọc concept, tôi chưa rõ các em đang target ai. Sắc thái có vẻ hợp nhóm ngoài 30 tuổi, còn chủ đề tín ngưỡng thì khá limited. Hiện tại tour có nhiều kiến thức nhưng thiếu phần mềm mại như ẩm thực hoặc hoạt động nhẹ hơn.”","“Khi đọc concept, tôi chưa rõ các em đang target ai. Sắc thái có vẻ hợp nhóm ngoài 30 tuổi, còn chủ đề tín ngưỡng thì khá limited. Hiện tại tour có nhiều kiến thức nhưng thiếu p...","participant quote, edited for clarity","Lecturer; culturally curious, project/work travel, values authenticity, art, community and learning.",F_P03_2026Q2_r078
R079,079,P03,Modularity question,,,"“Tôi tự hỏi liệu người tham gia có bắt buộc phải theo đủ cả 3 ngày không, hay có thể chọn từng phần phù hợp với mình.”","“Tôi tự hỏi liệu người tham gia có bắt buộc phải theo đủ cả 3 ngày không, hay có thể chọn từng phần phù hợp với mình.”","participant quote, edited for clarity","Lecturer; culturally curious, project/work travel, values authenticity, art, community and learning.",F_P03_2026Q2_r079
R080,080,P03,Hands-on heritage,,,"“Những trải nghiệm làng nghề sẽ hấp dẫn hơn nếu người tham gia được chạm tay vào hoạt động thật, như thêu thùa, may vá hoặc làm một phần nhỏ của nghề.”","“Những trải nghiệm làng nghề sẽ hấp dẫn hơn nếu người tham gia được chạm tay vào hoạt động thật, như thêu thùa, may vá hoặc làm một phần nhỏ của nghề.”","participant quote, edited for clarity","Lecturer; culturally curious, project/work travel, values authenticity, art, community and learning.",F_P03_2026Q2_r080
R081,081,P03,Overwhelm,,,“Tôi thấy concept hơi overwhelming vì có quá nhiều lịch sử và quá nhiều di chuyển. Thời tiết và cảm giác mệt cũng là điều cần tính đến.”,“Tôi thấy concept hơi overwhelming vì có quá nhiều lịch sử và quá nhiều di chuyển. Thời tiết và cảm giác mệt cũng là điều cần tính đến.”,"participant quote, edited for clarity","Lecturer; culturally curious, project/work travel, values authenticity, art, community and learning.",F_P03_2026Q2_r081
R082,082,P03,Sustainable tourism definition,,,“Du lịch bền vững nên xuất phát từ cộng đồng và nuôi lại chính cộng đồng đó. Khách du lịch không nên phá cảnh quan hay làm xáo trộn đời sống người dân.” MẠCH - Record tổng hợp phỏng vấn khách hàng,“Du lịch bền vững nên xuất phát từ cộng đồng và nuôi lại chính cộng đồng đó. Khách du lịch không nên phá cảnh quan hay làm xáo trộn đời sống người dân.” MẠCH - Record tổng hợp p...,"participant quote, edited for clarity","Lecturer; culturally curious, project/work travel, values authenticity, art, community and learning.",F_P03_2026Q2_r082
R083,083,P03,Network motivation,,,"“Trong network của tôi, nhiều người quan tâm đến tính authentic, local và rất nhạy với những nơi fake văn hoá. Nhưng cũng có nhóm khác quan tâm nhiều hơn đến chi phí và việc có đáng tiền hay không.”","“Trong network của tôi, nhiều người quan tâm đến tính authentic, local và rất nhạy với những nơi fake văn hoá. Nhưng cũng có nhóm khác quan tâm nhiều hơn đến chi phí và việc có...","participant quote, edited for clarity","Lecturer; culturally curious, project/work travel, values authenticity, art, community and learning.",F_P03_2026Q2_r083
R084,084,P10,Family influence,,,"“Với các chuyến đi gia đình, quyết định của con cái là ưu tiên hàng đầu của tôi.”","“Với các chuyến đi gia đình, quyết định của con cái là ưu tiên hàng đầu của tôi.”","participant quote, edited for clarity","Director; family-oriented, high budget, private tour abroad, interested in culture/spirituality with age.",F_P10_2026Q2_r084
R085,085,P10,Companion fit,,,"“Tôi muốn đi với những người có cùng mức sống, cùng quan điểm và cùng lối sống. Sự hoà hợp trong nhóm đi cùng rất quan trọng.”","“Tôi muốn đi với những người có cùng mức sống, cùng quan điểm và cùng lối sống. Sự hoà hợp trong nhóm đi cùng rất quan trọng.”","participant quote, edited for clarity","Director; family-oriented, high budget, private tour abroad, interested in culture/spirituality with age.",F_P10_2026Q2_r085
R086,086,P10,Travel as bonding,,,"“Với tôi, du lịch đáng nhớ nhiều khi nằm ở cảm xúc bonding với gia đình hoặc bạn bè, chứ không chỉ ở điểm đến.”","“Với tôi, du lịch đáng nhớ nhiều khi nằm ở cảm xúc bonding với gia đình hoặc bạn bè, chứ không chỉ ở điểm đến.”","participant quote, edited for clarity","Director; family-oriented, high budget, private tour abroad, interested in culture/spirituality with age.",F_P10_2026Q2_r086
R087,087,P10,Concept reaction,,,"“Tôi thấy chương trình rất ý nghĩa và cá nhân tôi sẽ tham gia. Nhưng tour này phù hợp với một lứa tuổi nhất định; Gen X như tôi có thể thấy rất ổn, còn giới trẻ chưa chắc phù hợp.”","“Tôi thấy chương trình rất ý nghĩa và cá nhân tôi sẽ tham gia. Nhưng tour này phù hợp với một lứa tuổi nhất định; Gen X như tôi có thể thấy rất ổn, còn giới trẻ chưa chắc phù hợp.”","participant quote, edited for clarity","Director; family-oriented, high budget, private tour abroad, interested in culture/spirituality with age.",F_P10_2026Q2_r087
R088,088,P10,Storytelling quality,,,"“Cùng một concept, nếu người kể không biết truyền tải thì sẽ nhạt như cơm nguội. Người dẫn phải biết dệt câu chuyện sao cho dễ nghe, dễ hiểu và dễ thấm.”","“Cùng một concept, nếu người kể không biết truyền tải thì sẽ nhạt như cơm nguội. Người dẫn phải biết dệt câu chuyện sao cho dễ nghe, dễ hiểu và dễ thấm.”","participant quote, edited for clarity","Director; family-oriented, high budget, private tour abroad, interested in culture/spirituality with age.",F_P10_2026Q2_r088
R089,089,P10,Low cognitive load,,,"“Tôi không muốn phải động não quá nhiều trong một chuyến đi. Tôi thích được nghe giảng giải dễ hiểu, rồi đặt câu hỏi và chia sẻ quan điểm của mình.”","“Tôi không muốn phải động não quá nhiều trong một chuyến đi. Tôi thích được nghe giảng giải dễ hiểu, rồi đặt câu hỏi và chia sẻ quan điểm của mình.”","participant quote, edited for clarity","Director; family-oriented, high budget, private tour abroad, interested in culture/spirituality with age.",F_P10_2026Q2_r089
R090,090,P10,Pace and comfort,,,"“Với lứa tuổi của tôi, lịch trình cần nhẹ nhàng, không bị chạy quá nhiều và không quá nặng. Ngoài văn hoá, đặc sản địa phương cũng rất quan trọng.”","“Với lứa tuổi của tôi, lịch trình cần nhẹ nhàng, không bị chạy quá nhiều và không quá nặng. Ngoài văn hoá, đặc sản địa phương cũng rất quan trọng.”","participant quote, edited for clarity","Director; family-oriented, high budget, private tour abroad, interested in culture/spirituality with age.",F_P10_2026Q2_r090
R091,091,P10,Sustainable tourism awareness,,,"“Tôi có nghe về du lịch bền vững qua internet nhưng không tự tin định nghĩa. Tôi hiểu nó liên quan đến nhiều yếu tố như cảnh quan, dịch vụ và những giá trị sâu hơn lợi nhuận.”","“Tôi có nghe về du lịch bền vững qua internet nhưng không tự tin định nghĩa. Tôi hiểu nó liên quan đến nhiều yếu tố như cảnh quan, dịch vụ và những giá trị sâu hơn lợi nhuận.”","participant quote, edited for clarity","Director; family-oriented, high budget, private tour abroad, interested in culture/spirituality with age.",F_P10_2026Q2_r091
R092,092,P10,Premium willingness,,,"“Tôi có khả năng chi trả cao nếu đó là dịch vụ tốt nhất, nhưng vẫn cần biết rõ range giá và dịch vụ cụ thể.”","“Tôi có khả năng chi trả cao nếu đó là dịch vụ tốt nhất, nhưng vẫn cần biết rõ range giá và dịch vụ cụ thể.”","participant quote, edited for clarity","Director; family-oriented, high budget, private tour abroad, interested in culture/spirituality with age.",F_P10_2026Q2_r092
R093,093,P11,Travel as experience,,,"“Tôi không gọi đó là đi du lịch, mà gọi là những chuyến trải nghiệm.” MẠCH - Record tổng hợp phỏng vấn khách hàng","“Tôi không gọi đó là đi du lịch, mà gọi là những chuyến trải nghiệm.” MẠCH - Record tổng hợp phỏng vấn khách hàng","participant quote, edited for clarity",NGO / community development; highly aligned with community-based and sustainable tourism.,F_P11_2026Q2_r093
R094,094,P11,Local-life motivation,,,"“Tôi không hướng đến địa danh nổi tiếng hay check-in. Tôi tìm kiếm nếp sống sinh hoạt địa phương, bản sắc văn hoá, bảo tồn, học một kỹ năng mới hoặc tham gia làng nghề.”","“Tôi không hướng đến địa danh nổi tiếng hay check-in. Tôi tìm kiếm nếp sống sinh hoạt địa phương, bản sắc văn hoá, bảo tồn, học một kỹ năng mới hoặc tham gia làng nghề.”","participant quote, edited for clarity",NGO / community development; highly aligned with community-based and sustainable tourism.,F_P11_2026Q2_r094
R095,095,P11,Companion over destination,,,"“Với tôi, người bạn đi cùng mới là yếu tố quyết định, không phải điểm đến.”","“Với tôi, người bạn đi cùng mới là yếu tố quyết định, không phải điểm đến.”","participant quote, edited for clarity",NGO / community development; highly aligned with community-based and sustainable tourism.,F_P11_2026Q2_r095
R096,096,P11,Meaningful community experience,,,"“Ở Ngọc Chiến, điều hay không chỉ là tắm khoáng nóng mà là hiểu vì sao người dân làm vậy và họ thực hành nó trong đời sống như thế nào. Tôi vui vì được kết nối với người dân địa phương.”","“Ở Ngọc Chiến, điều hay không chỉ là tắm khoáng nóng mà là hiểu vì sao người dân làm vậy và họ thực hành nó trong đời sống như thế nào. Tôi vui vì được kết nối với người dân địa...","participant quote, edited for clarity",NGO / community development; highly aligned with community-based and sustainable tourism.,F_P11_2026Q2_r096
R097,097,P11,Friend concerns,,,“Bạn bè tôi khi nghĩ đến du lịch văn hoá hoặc cộng đồng thường e ngại nhất về vệ sinh và chất lượng nơi ở.”,“Bạn bè tôi khi nghĩ đến du lịch văn hoá hoặc cộng đồng thường e ngại nhất về vệ sinh và chất lượng nơi ở.”,"participant quote, edited for clarity",NGO / community development; highly aligned with community-based and sustainable tourism.,F_P11_2026Q2_r097
R098,098,P11,Staging nuance,,,"“Dàn dựng không phải lúc nào cũng xấu. Nếu biến tấu làm sai lệch văn hoá thì không tốt, nhưng nếu tổ chức chuyên nghiệp để trải nghiệm dễ tiếp cận hơn thì đó có thể là điểm tích cực.”","“Dàn dựng không phải lúc nào cũng xấu. Nếu biến tấu làm sai lệch văn hoá thì không tốt, nhưng nếu tổ chức chuyên nghiệp để trải nghiệm dễ tiếp cận hơn thì đó có thể là điểm tích...","participant quote, edited for clarity",NGO / community development; highly aligned with community-based and sustainable tourism.,F_P11_2026Q2_r098
R099,099,P11,Concept overload,,,“Phản ứng đầu tiên của tôi là như vừa trở về thời đại học. Tôi lo không biết trong một chuyến đi có thể đi hết các điểm và tải hết lượng kiến thức đó không.”,“Phản ứng đầu tiên của tôi là như vừa trở về thời đại học. Tôi lo không biết trong một chuyến đi có thể đi hết các điểm và tải hết lượng kiến thức đó không.”,"participant quote, edited for clarity",NGO / community development; highly aligned with community-based and sustainable tourism.,F_P11_2026Q2_r099
R100,100,P11,Need softening,,,"“Tour nên đan xen thêm những hoạt động mềm hơn như ngắm cảnh biển, cảnh làng quê buổi chiều hoặc khám phá ẩm thực.”","“Tour nên đan xen thêm những hoạt động mềm hơn như ngắm cảnh biển, cảnh làng quê buổi chiều hoặc khám phá ẩm thực.”","participant quote, edited for clarity",NGO / community development; highly aligned with community-based and sustainable tourism.,F_P11_2026Q2_r100
R101,101,P11,Touch heritage,,,"“Điều quan trọng là không chỉ nghe về di sản, mà phải được chạm vào di sản.”","“Điều quan trọng là không chỉ nghe về di sản, mà phải được chạm vào di sản.”","participant quote, edited for clarity",NGO / community development; highly aligned with community-based and sustainable tourism.,F_P11_2026Q2_r101
R102,102,P11,Foreign companion,,,“Tôi có thể đi tour này cùng bạn bè nước ngoài. Còn bạn bè người Việt xung quanh tôi có lẽ sẽ không hứng thú bằng.”,“Tôi có thể đi tour này cùng bạn bè nước ngoài. Còn bạn bè người Việt xung quanh tôi có lẽ sẽ không hứng thú bằng.”,"participant quote, edited for clarity",NGO / community development; highly aligned with community-based and sustainable tourism.,F_P11_2026Q2_r102
R103,103,P11,Sustainable tourism approach,,,"“Với du lịch cộng đồng, không nên phụ thuộc vào bên ngoài quá lâu. Cách bền vững hơn là trao quyền để cộng đồng tự vận hành.”","“Với du lịch cộng đồng, không nên phụ thuộc vào bên ngoài quá lâu. Cách bền vững hơn là trao quyền để cộng đồng tự vận hành.”","participant quote, edited for clarity",NGO / community development; highly aligned with community-based and sustainable tourism.,F_P11_2026Q2_r103
R104,104,P12,Travel frequency,,,"“Tôi đi du lịch khoảng 12-15 lần một năm, gần như tháng nào cũng có một chuyến. Tôi thích cắm trại và khám phá thiên nhiên.”","“Tôi đi du lịch khoảng 12-15 lần một năm, gần như tháng nào cũng có một chuyến. Tôi thích cắm trại và khám phá thiên nhiên.”","participant quote, edited for clarity","Retired, very frequent traveller, self-guided explorer, charity/phượt community, travels with spouse/friends.",F_P12_2026Q2_r104
R105,105,P12,Self-guided preference,,,“Khoảng 90% chuyến đi của tôi là tự túc. Tôi thường tự chuẩn bị trước và tìm hiểu về vùng miền mình sẽ đến.” MẠCH - Record tổng hợp phỏng vấn khách hàng,“Khoảng 90% chuyến đi của tôi là tự túc. Tôi thường tự chuẩn bị trước và tìm hiểu về vùng miền mình sẽ đến.” MẠCH - Record tổng hợp phỏng vấn khách hàng,"participant quote, edited for clarity","Retired, very frequent traveller, self-guided explorer, charity/phượt community, travels with spouse/friends.",F_P12_2026Q2_r105
R106,106,P12,Untouched destination appeal,,,"“Điểm đẹp của Hà Giang nằm ở nét hoang sơ, thời tiết mát mẻ và con người thân thiện.”","“Điểm đẹp của Hà Giang nằm ở nét hoang sơ, thời tiết mát mẻ và con người thân thiện.”","participant quote, edited for clarity","Retired, very frequent traveller, self-guided explorer, charity/phượt community, travels with spouse/friends.",F_P12_2026Q2_r106
R107,107,P12,Repeated visits,,,"“Dù đi xa và tốn kém, tôi vẫn quay lại Hà Giang đến lần thứ ba vì mỗi lần đi lại có một cảm nhận khác.”","“Dù đi xa và tốn kém, tôi vẫn quay lại Hà Giang đến lần thứ ba vì mỗi lần đi lại có một cảm nhận khác.”","participant quote, edited for clarity","Retired, very frequent traveller, self-guided explorer, charity/phượt community, travels with spouse/friends.",F_P12_2026Q2_r107
R108,108,P12,Tour pros and cons,,,"“Đi tour có lợi về kinh tế và thời gian, nhưng nhược điểm là bị gò bó giờ giấc và không được trải nghiệm theo cách mình muốn.”","“Đi tour có lợi về kinh tế và thời gian, nhưng nhược điểm là bị gò bó giờ giấc và không được trải nghiệm theo cách mình muốn.”","participant quote, edited for clarity","Retired, very frequent traveller, self-guided explorer, charity/phượt community, travels with spouse/friends.",F_P12_2026Q2_r108
R109,109,P12,Desired tour content,,,"“Một tour hay phải giúp mình hiểu con người, ẩm thực, điểm mạnh của địa phương và đời sống sinh hoạt ở đó khác gì với nơi mình sống.”","“Một tour hay phải giúp mình hiểu con người, ẩm thực, điểm mạnh của địa phương và đời sống sinh hoạt ở đó khác gì với nơi mình sống.”","participant quote, edited for clarity","Retired, very frequent traveller, self-guided explorer, charity/phượt community, travels with spouse/friends.",F_P12_2026Q2_r109
R110,110,P12,Concept reaction,,,"“Ấn tượng ban đầu của tôi là chương trình hấp dẫn. Với Nam Định, có người đi cùng sẽ quan trọng hơn. Tôi đánh giá mức muốn tham gia khoảng 4/5.”","“Ấn tượng ban đầu của tôi là chương trình hấp dẫn. Với Nam Định, có người đi cùng sẽ quan trọng hơn. Tôi đánh giá mức muốn tham gia khoảng 4/5.”","participant quote, edited for clarity","Retired, very frequent traveller, self-guided explorer, charity/phượt community, travels with spouse/friends.",F_P12_2026Q2_r110
R111,111,P12,Target audience,,,“Tôi nghĩ loại hình này có thể hợp với khách nước ngoài hoặc những người không chỉ đi du lịch để check-in.”,“Tôi nghĩ loại hình này có thể hợp với khách nước ngoài hoặc những người không chỉ đi du lịch để check-in.”,"participant quote, edited for clarity","Retired, very frequent traveller, self-guided explorer, charity/phượt community, travels with spouse/friends.",F_P12_2026Q2_r111
R112,112,P12,Pricing,,,"“Với tour 3 ngày, mức khoảng 4,5 triệu là phù hợp với tôi.”","“Với tour 3 ngày, mức khoảng 4,5 triệu là phù hợp với tôi.”","participant quote, edited for clarity","Retired, very frequent traveller, self-guided explorer, charity/phượt community, travels with spouse/friends.",F_P12_2026Q2_r112
R113,113,P12,Overall verdict,,,"“Nếu xây dựng được đúng như ý tưởng, đây có thể là một tour điểm mười.”","“Nếu xây dựng được đúng như ý tưởng, đây có thể là một tour điểm mười.”","participant quote, edited for clarity","Retired, very frequent traveller, self-guided explorer, charity/phượt community, travels with spouse/friends.",F_P12_2026Q2_r113
R114,114,P13,Travel as value creation,,,“Du lịch không chỉ là nghỉ dưỡng; nó còn là một hình thức tạo ra giá trị.”,“Du lịch không chỉ là nghỉ dưỡng; nó còn là một hình thức tạo ra giá trị.”,"participant quote, edited for clarity","Lecturer, experienced traveller and former tourism agency participant; strategic view on tourism value and local",F_P13_2026Q2_r114
R115,115,P13,Generational difference,,,"“Các thế hệ khác nhau nhìn du lịch rất khác nhau. Thế hệ sau không chỉ đi để nhìn cảnh, mà còn dùng du lịch để nội suy và quan sát xã hội.”","“Các thế hệ khác nhau nhìn du lịch rất khác nhau. Thế hệ sau không chỉ đi để nhìn cảnh, mà còn dùng du lịch để nội suy và quan sát xã hội.”","participant quote, edited for clarity","Lecturer, experienced traveller and former tourism agency participant; strategic view on tourism value and local",F_P13_2026Q2_r115
R116,116,P13,Destination vs people,,,"“Điều thu hút tôi không phải bản thân điểm đến, mà là con người ở tại điểm đến đó.”","“Điều thu hút tôi không phải bản thân điểm đến, mà là con người ở tại điểm đến đó.”","participant quote, edited for clarity","Lecturer, experienced traveller and former tourism agency participant; strategic view on tourism value and local",F_P13_2026Q2_r116
R117,117,P13,Local repositioning,,,"“Sau những thay đổi về địa phương và thị trường, mỗi nơi cần tái định vị lại sản phẩm du lịch của mình.”","“Sau những thay đổi về địa phương và thị trường, mỗi nơi cần tái định vị lại sản phẩm du lịch của mình.”","participant quote, edited for clarity","Lecturer, experienced traveller and former tourism agency participant; strategic view on tourism value and local",F_P13_2026Q2_r117
R118,118,P13,Pricing and missing info,,,"“Mức 7-8 triệu một người có thể chấp nhận được, nhưng tôi vẫn cần thêm thông tin về chất lượng lưu trú, ăn uống và các dịch vụ đi kèm. Dưới 10 triệu thì có thể cân nhắc.” MẠCH - Record tổng hợp phỏng vấn khách hàng","“Mức 7-8 triệu một người có thể chấp nhận được, nhưng tôi vẫn cần thêm thông tin về chất lượng lưu trú, ăn uống và các dịch vụ đi kèm. Dưới 10 triệu thì có thể cân nhắc.” MẠCH -...","participant quote, edited for clarity","Lecturer, experienced traveller and former tourism agency participant; strategic view on tourism value and local",F_P13_2026Q2_r118
R119,119,P13,Product recommendation,,,“Tour nên được cá tính hoá hoặc game hoá để người tham gia được immerse sâu hơn vào trải nghiệm.”,“Tour nên được cá tính hoá hoặc game hoá để người tham gia được immerse sâu hơn vào trải nghiệm.”,"participant quote, edited for clarity","Lecturer, experienced traveller and former tourism agency participant; strategic view on tourism value and local",F_P13_2026Q2_r119
R120,120,P14,Community tourism motivation,,,"“Một chuyến du lịch cộng đồng nên đậm đà bản sắc nhất có thể. Tôi muốn ăn uống, sinh hoạt và trải nghiệm giống đời sống thật của người dân.”","“Một chuyến du lịch cộng đồng nên đậm đà bản sắc nhất có thể. Tôi muốn ăn uống, sinh hoạt và trải nghiệm giống đời sống thật của người dân.”","participant quote, edited for clarity","Gen Z / tourism and CSR background; strong community-based tourism orientation, HCMC-based.",F_P14_2026Q2_r120
R121,121,P14,Solo cultural travel,,,"“Nếu đi để chiêm nghiệm văn hoá, tôi thích đi một mình. Nếu đi với bạn bè thì vui hơn, nhưng không phải ai cũng cùng gu trải nghiệm.”","“Nếu đi để chiêm nghiệm văn hoá, tôi thích đi một mình. Nếu đi với bạn bè thì vui hơn, nhưng không phải ai cũng cùng gu trải nghiệm.”","participant quote, edited for clarity","Gen Z / tourism and CSR background; strong community-based tourism orientation, HCMC-based.",F_P14_2026Q2_r121
R122,122,P14,Local labour imagery,,,“Những hình ảnh người bình thường đang lao động ở địa phương là thứ tôi thường ghi nhớ lâu nhất sau chuyến đi.”,“Những hình ảnh người bình thường đang lao động ở địa phương là thứ tôi thường ghi nhớ lâu nhất sau chuyến đi.”,"participant quote, edited for clarity","Gen Z / tourism and CSR background; strong community-based tourism orientation, HCMC-based.",F_P14_2026Q2_r122
R123,123,P14,Staged tourism disappointment,,,"“Ở một số nơi, mô hình du lịch bị làm lại quá nhiều - ví dụ phiên chợ hay nhà sàn trở thành mô hình, người ngoài vào thuê, khiến sản phẩm không còn tự nhiên nữa.”","“Ở một số nơi, mô hình du lịch bị làm lại quá nhiều - ví dụ phiên chợ hay nhà sàn trở thành mô hình, người ngoài vào thuê, khiến sản phẩm không còn tự nhiên nữa.”","participant quote, edited for clarity","Gen Z / tourism and CSR background; strong community-based tourism orientation, HCMC-based.",F_P14_2026Q2_r123
R124,124,P14,Deepest cultural experience,,,"“Trải nghiệm văn hoá sâu nhất với tôi là du lịch cộng đồng, nơi mình thật sự sống trong đời sống và văn hoá của người dân.”","“Trải nghiệm văn hoá sâu nhất với tôi là du lịch cộng đồng, nơi mình thật sự sống trong đời sống và văn hoá của người dân.”","participant quote, edited for clarity","Gen Z / tourism and CSR background; strong community-based tourism orientation, HCMC-based.",F_P14_2026Q2_r124
R125,125,P14,Concept reaction,,,"“Tôi muốn đi vì rất tò mò về Đạo Mẫu. Nhưng concept hiện tại hơi hàn lâm, người không biết trước có thể bị confused, nên cần xác định rõ target audience là ai.”","“Tôi muốn đi vì rất tò mò về Đạo Mẫu. Nhưng concept hiện tại hơi hàn lâm, người không biết trước có thể bị confused, nên cần xác định rõ target audience là ai.”","participant quote, edited for clarity","Gen Z / tourism and CSR background; strong community-based tourism orientation, HCMC-based.",F_P14_2026Q2_r125
R126,126,P14,Appealing activities,,,“Những phần như ăn cơm và đạp xe cùng địa phương đều hấp dẫn với tôi.”,“Những phần như ăn cơm và đạp xe cùng địa phương đều hấp dẫn với tôi.”,"participant quote, edited for clarity","Gen Z / tourism and CSR background; strong community-based tourism orientation, HCMC-based.",F_P14_2026Q2_r126
R127,127,P14,Geographic barrier,,,"“Rào cản lớn nhất với tôi là giao thông, vì tôi ở TP.HCM nên việc ra Nam Định cần được tính toán thuận tiện hơn.”","“Rào cản lớn nhất với tôi là giao thông, vì tôi ở TP.HCM nên việc ra Nam Định cần được tính toán thuận tiện hơn.”","participant quote, edited for clarity","Gen Z / tourism and CSR background; strong community-based tourism orientation, HCMC-based.",F_P14_2026Q2_r127
R128,128,P14,Pricing,,,"“Khoảng 6-8 triệu là phù hợp, nhưng nếu lên tới 8 triệu thì bắt đầu hơi mắc. Mức 5-6 triệu sẽ là một deal tốt.”","“Khoảng 6-8 triệu là phù hợp, nhưng nếu lên tới 8 triệu thì bắt đầu hơi mắc. Mức 5-6 triệu sẽ là một deal tốt.”","participant quote, edited for clarity","Gen Z / tourism and CSR background; strong community-based tourism orientation, HCMC-based.",F_P14_2026Q2_r128
R129,129,P14,Mass accessibility,,,"“Thách thức là làm sao vẫn giữ được tinh thần của tour, nhưng cách tiếp cận phải đủ dễ hiểu để đến được với đại chúng.”","“Thách thức là làm sao vẫn giữ được tinh thần của tour, nhưng cách tiếp cận phải đủ dễ hiểu để đến được với đại chúng.”","participant quote, edited for clarity","Gen Z / tourism and CSR background; strong community-based tourism orientation, HCMC-based.",F_P14_2026Q2_r129
R130,130,P14,Sustainable tourism understanding,,,"“Với du lịch bền vững, tôi nghĩ đến việc kết nối các stakeholders, nguồn thực phẩm, chi phí và cách lợi ích được phân bổ trong hệ sinh thái dịch vụ.” MẠCH - Record tổng hợp phỏng vấn khách hàng","“Với du lịch bền vững, tôi nghĩ đến việc kết nối các stakeholders, nguồn thực phẩm, chi phí và cách lợi ích được phân bổ trong hệ sinh thái dịch vụ.” MẠCH - Record tổng hợp phỏn...","participant quote, edited for clarity","Gen Z / tourism and CSR background; strong community-based tourism orientation, HCMC-based.",F_P14_2026Q2_r130
R131,131,P15,Travel motivation,,,"“Khi đi du lịch, tôi muốn gần gũi với người dân và hiểu bản sắc văn hoá nhiều nhất có thể.”","“Khi đi du lịch, tôi muốn gần gũi với người dân và hiểu bản sắc văn hoá nhiều nhất có thể.”","participant quote, edited for clarity","2001, studies in Melbourne; adventure/ecotourism preference, local immersion, TikTok-first behaviour, low",F_P15_2026Q2_r131
R132,132,P15,Self-guided preference,,,"“Đi tự túc cho tôi thời gian đi bộ, quan sát và cảm nhận sâu hơn. Đi tour thường bị bó buộc thời gian nên không đủ không gian để trải nghiệm.”","“Đi tự túc cho tôi thời gian đi bộ, quan sát và cảm nhận sâu hơn. Đi tour thường bị bó buộc thời gian nên không đủ không gian để trải nghiệm.”","participant quote, edited for clarity","2001, studies in Melbourne; adventure/ecotourism preference, local immersion, TikTok-first behaviour, low",F_P15_2026Q2_r132
R133,133,P15,Tà Xùa experience,,,“Điều làm tôi an tâm ở Tà Xùa là người bản địa nói rằng những cung đường đó là cuộc sống thường ngày của họ. Tôi còn học vài từ tiếng Mông và ghi lại bằng điện thoại.”,“Điều làm tôi an tâm ở Tà Xùa là người bản địa nói rằng những cung đường đó là cuộc sống thường ngày của họ. Tôi còn học vài từ tiếng Mông và ghi lại bằng điện thoại.”,"participant quote, edited for clarity","2001, studies in Melbourne; adventure/ecotourism preference, local immersion, TikTok-first behaviour, low",F_P15_2026Q2_r133
R134,134,P15,Why memorable,,,"“Chuyến Tà Xùa đáng nhớ vì đó là lần đầu tôi đi sâu vào rừng, cảm thấy cuộc sống dễ chịu và dễ thở hơn. Cảnh quan và các làng văn hoá cũng rất khác những điểm du lịch thông thường.”","“Chuyến Tà Xùa đáng nhớ vì đó là lần đầu tôi đi sâu vào rừng, cảm thấy cuộc sống dễ chịu và dễ thở hơn. Cảnh quan và các làng văn hoá cũng rất khác những điểm du lịch thông thườ...","participant quote, edited for clarity","2001, studies in Melbourne; adventure/ecotourism preference, local immersion, TikTok-first behaviour, low",F_P15_2026Q2_r134
R135,135,P15,Staged tourism,,,"“Tôi thường thất vọng với những nơi được xây riêng cho khách du lịch, vì nó không giống quảng bá và giá bị charge không tương xứng với trải nghiệm.”","“Tôi thường thất vọng với những nơi được xây riêng cho khách du lịch, vì nó không giống quảng bá và giá bị charge không tương xứng với trải nghiệm.”","participant quote, edited for clarity","2001, studies in Melbourne; adventure/ecotourism preference, local immersion, TikTok-first behaviour, low",F_P15_2026Q2_r135
R136,136,P15,Authenticity marker,,,"“Một trải nghiệm local thật là nơi người địa phương cũng đến xem hoặc tham gia, chứ không chỉ có khách du lịch.”","“Một trải nghiệm local thật là nơi người địa phương cũng đến xem hoặc tham gia, chứ không chỉ có khách du lịch.”","participant quote, edited for clarity","2001, studies in Melbourne; adventure/ecotourism preference, local immersion, TikTok-first behaviour, low",F_P15_2026Q2_r136
R137,137,P15,Concept too text-heavy,,,"“Concept hơi nhiều chữ. Bình thường tôi chỉ nhìn địa điểm rồi lên TikTok search, chứ không đọc phần giới thiệu quá dài.”","“Concept hơi nhiều chữ. Bình thường tôi chỉ nhìn địa điểm rồi lên TikTok search, chứ không đọc phần giới thiệu quá dài.”","participant quote, edited for clarity","2001, studies in Melbourne; adventure/ecotourism preference, local immersion, TikTok-first behaviour, low",F_P15_2026Q2_r137
R138,138,P15,Itinerary preference,,,"“Ngày đầu tôi không hứng thú. Ngày hai, phần đạp xe phố cổ và khám phá ẩm thực hấp dẫn hơn. Ngày ba thì tôi không quá muốn đi.”","“Ngày đầu tôi không hứng thú. Ngày hai, phần đạp xe phố cổ và khám phá ẩm thực hấp dẫn hơn. Ngày ba thì tôi không quá muốn đi.”","participant quote, edited for clarity","2001, studies in Melbourne; adventure/ecotourism preference, local immersion, TikTok-first behaviour, low",F_P15_2026Q2_r138
R139,139,P15,Low intent,,,“Mức độ muốn tham gia của tôi hiện tại chỉ khoảng 2/10.”,“Mức độ muốn tham gia của tôi hiện tại chỉ khoảng 2/10.”,"participant quote, edited for clarity","2001, studies in Melbourne; adventure/ecotourism preference, local immersion, TikTok-first behaviour, low",F_P15_2026Q2_r139
R140,140,P15,Vietnam self-travel barrier,,,"“Với một điểm đến ở Việt Nam, tôi không nhất thiết cần đi tour vì có thể tự đi được và không có quá nhiều barrier.”","“Với một điểm đến ở Việt Nam, tôi không nhất thiết cần đi tour vì có thể tự đi được và không có quá nhiều barrier.”","participant quote, edited for clarity","2001, studies in Melbourne; adventure/ecotourism preference, local immersion, TikTok-first behaviour, low",F_P15_2026Q2_r140
R141,141,P15,Need visual proof,,,"“Nếu có hình ảnh minh hoạ rõ ràng, tôi sẽ dễ hình dung trải nghiệm và hoạt động ở từng điểm đến hơn. Như vậy sẽ thuyết phục hơn nhiều.”","“Nếu có hình ảnh minh hoạ rõ ràng, tôi sẽ dễ hình dung trải nghiệm và hoạt động ở từng điểm đến hơn. Như vậy sẽ thuyết phục hơn nhiều.”","participant quote, edited for clarity","2001, studies in Melbourne; adventure/ecotourism preference, local immersion, TikTok-first behaviour, low",F_P15_2026Q2_r141
R142,142,P15,Price comparison,,,"“Mức 6-7 triệu có thể phù hợp. Nhưng nếu từ 7 triệu trở lên, tôi sẽ bắt đầu so sánh với các lựa chọn khác, ví dụ đi Thái.” MẠCH - Record tổng hợp phỏng vấn khách hàng","“Mức 6-7 triệu có thể phù hợp. Nhưng nếu từ 7 triệu trở lên, tôi sẽ bắt đầu so sánh với các lựa chọn khác, ví dụ đi Thái.” MẠCH - Record tổng hợp phỏng vấn khách hàng","participant quote, edited for clarity","2001, studies in Melbourne; adventure/ecotourism preference, local immersion, TikTok-first behaviour, low",F_P15_2026Q2_r142
R143,143,P15,Sustainable tourism awareness,,,"“Tôi chưa từng nghe về du lịch bền vững; nếu đoán thì tôi nghĩ nó liên quan đến môi trường.” MẠCH - Record tổng hợp phỏng vấn khách hàng Đây là bản record dùng cho review nội bộ. Khi đưa vào final report, nếu quote nào cần được xem là",“Tôi chưa từng nghe về du lịch bền vững; nếu đoán thì tôi nghĩ nó liên quan đến môi trường.” MẠCH - Record tổng hợp phỏng vấn khách hàng Đây là bản record dùng cho review nội bộ...,"participant quote, edited for clarity","2001, studies in Melbourne; adventure/ecotourism preference, local immersion, TikTok-first behaviour, low",F_P15_2026Q2_r143
